interval,mean,stddev,min,max,median,p25,p75,mode
Overall,0.849498,0.199221,0.048750,0.999750,0.999750,0.713750,0.999750,0.999750
Block_1,0.849498,0.199197,0.063250,0.999750,0.999750,0.713750,0.999750,0.999750
Block_2,0.849492,0.199215,0.069250,0.999750,0.999750,0.713750,0.999750,0.999750
Block_3,0.849493,0.199249,0.062250,0.999750,0.999750,0.713750,0.999750,0.999750
Block_4,0.849530,0.199205,0.064750,0.999750,0.999750,0.713750,0.999750,0.999750
Block_5,0.849474,0.199248,0.058750,0.999750,0.999750,0.713750,0.999750,0.999750
Block_6,0.849501,0.199209,0.048750,0.999750,0.999750,0.713750,0.999750,0.999750
