block,mean,stddev,min,max,median,p25,p75,mode
1,0.849498,0.199197,0.063250,0.999750,0.999750,0.713750,0.999750,0.999750
2,0.849492,0.199215,0.069250,0.999750,0.999750,0.713750,0.999750,0.999750
3,0.849493,0.199249,0.062250,0.999750,0.999750,0.713750,0.999750,0.999750
4,0.849530,0.199205,0.064750,0.999750,0.999750,0.713750,0.999750,0.999750
5,0.849474,0.199248,0.058750,0.999750,0.999750,0.713750,0.999750,0.999750
6,0.849501,0.199209,0.048750,0.999750,0.999750,0.713750,0.999750,0.999750
